{"cameraMode":{"drawMode":2,"name":"Shaded Wireframe","section":"Shading Mode"},"sceneLighting":true,"audioPlay":false,"sceneViewState":{"showFog":true,"showMaterialUpdate":false,"showSkybox":true,"showFlares":true,"showImageEffects":true,"showParticleSystems":true},"in2DMode":false,"pivot":{"x":1.8281793594360352,"y":0.2551107406616211,"z":-11.534122467041016},"rotation":{"x":-0.18860580027103425,"y":0.1588982492685318,"z":-0.030937742441892625,"w":-0.9686201214790344},"size":10.449999809265137,"orthographic":false}