{"cameraMode":{"drawMode":2,"name":"Shaded Wireframe","section":"Shading Mode"},"sceneLighting":true,"audioPlay":false,"sceneViewState":{"showFog":true,"showMaterialUpdate":false,"showSkybox":true,"showFlares":true,"showImageEffects":true,"showParticleSystems":true},"in2DMode":false,"pivot":{"x":3.4343068599700929,"y":1.0836853981018067,"z":-10.933483123779297},"rotation":{"x":-0.13031861186027528,"y":0.042220935225486758,"z":-0.005552257411181927,"w":-0.990558922290802},"size":4.494014739990234,"orthographic":false}